1,,None,MPUI_NO_ATTACHMENT,none,,weapon_missing_image,PERKS_NO_ATTACHMENT,,0,1,
2,,attachment_acog,MPUI_ACOG_SCOPE,acog,,weapon_attachment_acog,PERKS_ENHANCED_ZOOM_ACOG_SCOPE,PERKS_COMPLETE_THE_MARKSMAN,1,2,
3,,attachment_reflex,MPUI_RED_DOT_SIGHT,reflex,,weapon_attachment_reflex,PERKS_REPLACE_THE_IRON_SIGHTS,PERKS_COMPLETE_THE_MARKSMAN,2,4,
4,,attachment_suppressor,MPUI_SILENCER,silencer,,weapon_attachment_suppressor,PERKS_INVISIBLE_ON_GPS_WHEN,PERKS_COMPLETE_THE_MARKSMAN,3,8,
5,,attachment_grip,MPUI_GRIP,grip,,weapon_attachment_grip,PERKS_VERTICAL_FOREGRIP_FOR,PERKS_COMPLETE_THE_MARKSMAN,4,16,
6,,attachment_grenadelauncher,MPUI_GRENADE_LAUNCHER,gl,,weapon_attachment_m203,PERKS_GRENADE_LAUNCHER_ATTACHMENT2,,5,32,